author,comments,update,sentiment_score,analysis_think
乐观的幻天飞,这和好像。。汽车零部件板块发了太多新股，没啥预期，哎,10-31,2,评论中表达对汽车零部件板块新股的失望
未来中药茅台以岭,$汽车整车(BI1029)$$房地产(IS931775)$$中药(BI1040),10-30,3,评论信息不足，无法判断情感倾向
回本难呀,五粮液都造车了,10-30,3,五粮液跨界造车可能引发市场关注，但缺乏具体信息判断情感倾向。
梦境的游人,汽车股废了，太烂了现在的,10-29,1,评论使用强烈负面词汇表达极度悲观
被按着摩擦的韭菜,整车板块被资本抛弃了吗？？？废到现在还没起色。,10-29,2,评论使用强烈负面词汇，表达对整车板块的失望
基民SmxdZv,这板块真是拉几,10-27,5,评论中'拉几'可能指板块上涨，整体为积极情绪
基民SmxdZv,半死不活的拉几板块,10-27,1,评论用'半死不活'形容市场状况，明显表达极度悲观情绪
陌生人丫,这个板块废了,10-27,1,评论使用'废了'表达极端负面情绪
股友56U682Q916,$汽车零部件(BK0481)$,10-26,3,评论中未体现明显情绪词汇，无负面或正面信息
股友56U682Q916,$汽车零部件(BK0481)$,10-26,3,评论中未体现明显情绪，无负面或正面词汇
股友75610F312h,把众泰的车都发出来，打打气,10-24,4,评论中包含鼓励性语言，但涉及负面事件背景，整体情感倾向中性偏乐观。
股友Z0v2561152,r里m垃圾退市,10-23,1,评论中使用'垃圾'形容退市，明显负面情绪
一定是趋势为王,大盘都红了,10-23,5,股市上涨表明市场情绪积极，符合极度乐观的判断
一定是趋势为王,直接拉红,10-23,4,股价迅速上涨，市场情绪积极，属于乐观情绪
小目标500万万,贵航股份主力做个人吧,10-22,2,主力资金撤离通常被视为负面信号，暗示股价可能下跌
有条理的严晟,整车板块都不咋样，但阿泰今天是真给力啊,10-22,3,整体负面，但个人亮点
普智,$汽车整车(BK1029)$,10-21,3,评论内容缺失，无法判断情感倾向
青峰剑剑剑锋青,汽车板块走的是芯片的老路，亏损涨，优质稳，长久不了,10-21,1,评论指出汽车板块重复芯片失败模式，暗示长期无法持续，属于极度悲观
股友3781E3m235,垃圾重汽带崩了板块,10-20,1,评论中使用'垃圾'和'带崩'等强烈负面词汇，表明极度悲观情绪
梦境的游人,破整车,10-20,3,评论包含负面词汇，暗示行业前景恶化，属于悲观情绪
梦境的游人,汽车整车有毛病，大盘砸他也往下砸，今天往上涨，他还往下砸,10-20,1,评论指出汽车整车问题导致大盘下跌，尽管有短期上涨，但整体情绪仍偏向悲观。
车门巴菲特,#股市怎么看#,10-19,3,评论内容过于简短，无法判断情感倾向
生财有道的伟喵喵,利空江淮货车！,10-18,4,评论中明确提到'利空'，属于负面情绪，但未提供具体原因，需根据现有信息判断。
慢牛多调整,$汽车整车(BI1029)$,10-17,3,评论中未提供具体评价或市场反应信息
美女的不是,新能源汽车补贴没有了，板块只能了,10-17,2,补贴取消导致板块前景不明，情绪偏向悲观
利興达,整个板块跌沟里,10-17,2,评论描述某个板块持续下跌，暗示负面情绪
回本难呀,放量上涨还要涨,10-16,5,放量上涨表明市场情绪积极，'还要涨'暗示未来仍有上涨空间，整体属于乐观预期。
慢牛多调整,也该轮到汽车板块了，世界智能网联汽车大会今天在北京开幕！,10-16,4,评论提及汽车板块和行业会议，暗示积极预期
麻豆G,$汽车整车(BK1029)$,10-15,3,评论内容缺失，无法判断情感倾向
钱先生a,时间窗口，本周五！,10-15,3,评论中包含时间窗口和本周五的提示，但缺乏明确的市场信息或情绪判断
麻豆G,$汽车整车(BK1029)$,10-15,3,评论内容缺失，无法判断情感倾向
空头小嘿嘿,板块废了,10-14,1,评论使用'废了'表达极度负面情绪
甘佑嘉措,汽车板块的楼梯图最标准啊～～～,10-14,4,评论中使用积极词汇，但未明确表达对汽车板块的预期，需结合上下文判断。
回本难呀,这是什么鸟板块，无耻之徒,10-14,1,评论使用'无耻之徒'表达强烈负面情绪，属于极度悲观
股友QhPUOl,这个板块感觉完了，基本全部是跳空低开的，资金都怕是走完了，现在就最后一些货了，都,10-13,4,评论表达对板块的悲观预期，但仍有部分乐观暗示
星星之火018,敢不敢飘红,10-13,3,评论含犹豫语气，'敢不敢'暗示不确定，'飘红'为积极信号，整体情绪中性
假药无底洞,今年汽车板块就是垃圾板块，超市零售百货板块都比你强……,10-13,1,评论强烈批评汽车板块，认为其表现差，其他板块更优，属于极度悲观情绪。
星星之火018,冲高回落，真有你的,10-10,3,评论表达对股价波动的不满，但未明确指向具体原因，情感倾向为悲观
林703,人形机器人这风已经越来越弱了，掀不起浪花了,10-09,2,评论指出趋势减弱，表达失望
梦境的游人,整车你不给力呀,10-09,1,评论中明确表达不满，属于极度悲观
梦幻卡卡团队,汽车零部件没几个涨的。他还算坚挺！,10-09,3,评论指出汽车零部件表现一般但依然坚挺，情感中性。
陌生人丫,现在汽车股是废了！,09-30,1,评论使用'废了'表达极度负面情绪
股友zq0gqn,这板块全是赛力斯带起来的,09-30,3,评论未明确表达褒贬，但提及赛力斯主导板块，可能偏向中性或乐观
江湖股者,一个板块居然靠众泰和海马,09-30,3,评论提及众泰和海马等汽车品牌，可能反映对相关板块的担忧
股友09888X19p7,捷佳伟创一季度业绩表现强劲，营业总收入同比增长58.95%，净利润增长22.15,09-29,5,评论中提到业绩强劲、收入和净利润同比增长，均为积极数据，体现乐观情绪
基民SmxdZv,这个板块真是恶心，半死不活的,09-29,1,评论使用强烈负面词汇表达极度悲观
骑着树刚打林平,没补贴咯,09-28,2,评论中提到'没补贴'，暗示缺乏支持，可能带有负面情绪，但未明确后果，需判断程度。
迈克尔蔡健,节前节后都是汽车零部件的天下！,09-28,4,评论强调节假日期间汽车零部件需求旺盛，体现市场预期积极
骑着树刚打林平,要噶了,09-28,1,评论中的'要噶了'表达极度悲观的情绪
基民SmxdZv,爆拉起来吧！,09-26,4,评论中'爆拉'表示股价大幅上涨，带有积极情绪，但'起来吧'可能暗示市场预期，整体偏向乐观。
基民SmxdZv,这个板块垃圾股太多了,09-26,1,评论明确批评板块中存在大量垃圾股，属于极度悲观
花开积玉地陆小凤,垃圾板块果然就是垃圾板块，永远站不上台面。,09-26,1,评论明确使用贬义词表达对垃圾板块的极度失望
忘掉过去重新开始,没想到先杀的汽车零部件,09-25,2,评论表达对市场突然抛售汽车零部件的意外，暗示负面情绪
忘掉过去重新开始,创业板早该下来了，但是没想到西安杀汽车零部件,09-25,4,评论表达对创业板的悲观预期，但具体原因不明
忘掉过去重新开始,今天杀汽车，因为欧盟税降了？,09-25,1,评论中使用'杀'字暗示股价下跌，结合欧盟税降的负面因素，属于极度悲观情绪。
花开积玉地陆小凤,这板块是真fw,09-24,2,评论中'真fw'暗示市场异常剧烈，带有负面情绪
股友ufMA3R,没人玩了，只剩主力量化表演！,09-24,2,评论中包含负面情绪，但仍有部分积极元素
账户已注销,非奸即盗概念,09-24,2,评论包含负面评价，暗示人品问题，属于悲观情绪
湖北宋宇飞,444,09-23,3,评论中无明确情感词汇，仅含数字，无法判断具体情绪
追涨的小牛,板块全烂咋搞嘛,09-23,1,评论使用'全烂'表达极度负面情绪，符合1分标准
股友n8MmOK,峰璟股份一堆资产若能盘活翻几倍不是梦！,09-22,4,评论中表达对资产盘活的积极预期，属于乐观情绪
青云子子,新进的散户，在板块挑股的时候，把广汽忽略掉，这个公司靠散户续命,09-22,3,评论指出散户忽略优质股，暗示其持续性不足，情绪偏向负面但未完全绝望。
湖北宋宇飞,444,09-22,3,评论中'444'缺乏明确情感信息，无法判断具体含义
细致的白心宇,名至实归,09-21,4,评论表达对某事物的正面评价，符合乐观情感
广土庄956,必须旭升集团。,09-20,4,评论中包含'必须'，暗示强烈推荐，但未明确情感倾向
湖北宋宇飞,444,09-19,3,评论内容为'444'，无明确情感词汇，需判断中性
股友uPjpiz,汽车股太惨了,09-19,1,评论使用'太惨了'表达强烈负面情绪
朝明夕落,$汽车零部件(BK0481)$,09-19,3,评论中未体现明显情绪，无负面或正面词汇
股友8e5785U368,又是倒数第一,09-18,2,评论指出排名靠后，暗示负面结果，属于悲观情绪
才望兴隆de令狐冲,无耻至极,09-18,1,评论表达极度负面情绪，对应1分
股友8016R1p665,为何正强就没发力,09-18,3,评论中带有疑问语气，暗示市场或该股票表现不佳，但未明确否定，可能属于中性但带有负面情绪。
纵横股海财运亨通,02434万里扬汽车零部件储能汽车芯片业绩大增！价值严重低估,09-17,5,评论提到业绩大增和价值低估，体现积极预期
坐稳扶好把牛骑,松芝股份怂庄不拉,09-17,2,评论指出庄家不积极，反映市场悲观情绪
股友000A1M6065,汽车都降价，汽车零部件还涨的这么强？？？？？？？,09-17,3,评论中存在矛盾现象，但未明确表达强烈情绪，属于中性
账户已注销,刚入市的人常因见别人赚钱而盲目跟风，却忽略高风险往往伴随高收益。缺乏认知，迟早吃,09-16,2,评论批评盲目跟风和缺乏认知，语气严厉，属于悲观情绪。
招财来财的白沉香,万里扬,09-16,3,评论仅包含公司名称，无明确情感倾向
A股A哥,没发生什么，就是要快哥使劲儿割,09-16,2,评论表达对市场无变化的失望，带有负面情绪
惬意的温琦,159806是绝世好基，冲鸭弟兄,09-15,5,评论中明确表达积极情绪，鼓励买入，属于极度乐观
华南宝安大道,赛力斯的爸爸叫江淮,09-15,2,评论涉及公司关联关系，可能隐含负面暗示
惬意的温琦,159806是绝世好基，冲鸭弟兄,09-15,5,评论使用积极词汇并鼓励买入，明显乐观
糕手中的糕手,先迈吧，桃住再研究总想靠谷市“一夜保负”，频繁追热点、换概念。赚了就盲目自信，亏,09-14,4,评论批评市场策略，但未完全否定市场，偏向中性
麻木的散户Jack,没有众泰，这个板块指数要跌成狗。一个汽车板块指数，居然靠一个今年只卖了14辆车的,09-14,1,评论强烈批评众泰对板块的影响，认为其缺席会导致暴跌，属于极度悲观
花开积玉地陆小凤,当人家都傻沙子骗炮骗了一波又一波砸下去，撬一点点继续砸往深砸，真以为人家不要命要,09-12,1,评论中使用了强烈负面词汇，表达极度悲观情绪
股友uPjpiz,怎么今天指数还涨了？,09-12,4,用户对指数上涨感到惊讶，但整体态度中性
急什么慢慢来,为什么这个板块一上去就被打下来，上面有水泥墙？,09-12,3,评论表达对板块下跌的不满，但用'水泥墙'比喻阻力，情感倾向中性偏悲观
股友09888X19p7,金杯电工2025Q1净利润持平，非经常性收益对冲了信用减值损失的影响。其他收益与,09-11,3,净利润持平，非经常性收益抵消信用减值损失，整体无明显情绪倾向
基民SmxdZv,这个板块阴跌不止，恶心,09-11,1,评论中使用'阴跌'和'恶心'表达强烈负面情绪
招财如意地波风,$汽车零部件(BK0481)$,09-11,3,评论内容为空，无法判断情感
花开积玉地陆小凤,B这种板块，唉，涨的都是一堆股好股都不涨。,09-10,3,评论中带有失望情绪，但未明确极端悲观
葛大壮,159667绝世好基，冲鸭弟兄,09-09,5,评论中使用积极词汇并鼓励跟风买入，体现极度乐观
好奇的文昭1,垃圾板块，都不如房地产,09-09,1,评论明确批评垃圾板块，认为其不如房地产，属于极度悲观
万金来c,汽车股的龙头居然是众泰,09-09,3,评论指出众泰作为汽车龙头，可能隐含对其现状的批评
自信且坚韧001,有趣这板块，只有没车的泰哥才是核心，超预期吗,09-08,3,评论中带有调侃语气，未明确表达负面情绪，判断为中性。
淋雨的燐,今天整个板块成交256亿byd59亿赛力斯63这俩成交就占一半了,09-08,4,成交量占比高暗示板块整体表现良好，可能偏乐观
猎庄擒龙777,央视唯一现场采访的企业，硬实力摆在这，宁波华翔最有希望成为未来机器人领域的最强王,09-07,5,权威认可+实力突出，积极预期
n542613572056874,比亚迪完胜,09-06,5,评论使用'完胜'表达积极评价，属于极度乐观
永远之林,汽车应该安全为第一位，再好看的车，也只是个油漆马桶，珍爱生命，不当小白鼠。国产车,09-06,3,评论批评国产车安全问题，强调安全优先，语气偏负面但不完全否定汽车价值。
股友7i01839Z38,新能源电池太阳能大部分板块都三四个点了汽车板块今天会两个点多吧,09-05,3,评论中提及板块下跌和上涨，整体情绪中性
林703,张婷没有十个就没情绪,09-05,3,评论表达模糊，可能中性或轻微负面
股友7i01839Z38,收盘板块3个点,09-05,3,评论未明确说明涨跌方向，仅提及幅度，难以判断情感倾向
股友235231gQ03,日本汽车大涨,09-04,5,评论提到'大涨'，属于积极情绪，但需确认是否涉及具体股票或行业，此处仅泛指日本汽车整体上涨，属于乐观
虾滑炒蛋,byd就扶不起的阿斗,09-04,1,用'扶不起的阿斗'形容比亚迪，明显负面情绪，属于极度悲观
小悟空闪电豹,现在长安汽车均为小盘股了。不跟指数跟垃圾退市股一起涨，还涨的挺多的，零点几,09-04,3,评论指出长安汽车为小盘股，不跟主流指数涨，但涨得较多，可能带有矛盾情绪，整体偏中性。
股友089Ie08283,这波板块上涨全是军工带起来的，下跌的时候其他个股都跟跌,09-03,3,评论指出军工带动上涨，其他个股下跌，未明确表达整体情绪
梦境的游人,高开那么多就是为了套人吗？,09-03,2,评论中带有明显的负面情绪，质疑市场行为，属于悲观情绪。
股友9605MP1215,603017中衡设计：参股多家芯片独角兽、城市高质量设计总龙头+商业卫星发射场设,09-03,5,评论中包含积极词汇，如参股独角兽、总龙头，表明高度乐观
大A是世界第一,美晨科技气车零部件最低价,09-02,3,评论仅提及价格信息，未体现情绪倾向，需结合上下文判断。
坐稳扶好把牛骑,002454跌成狗,09-02,1,评论使用'跌成狗'表达极度悲观
非诚勿扰之者,$汽车零部件(BK0481)$$斯菱股份(SZ301550)$$福赛科技(SZ3,09-02,3,评论中未提供具体市场信息，无法判断情绪
短线高效,如果没猜错，谈论最多的应该是汽车出口问题。,09-01,3,评论陈述事实，无明显情绪倾向
猎庄擒龙777,远景目标看500-1000亿市值，你们不要急着反驳我，这个目标2026-2027,09-01,4,评论中提到未来市值目标，表达对公司的长期信心，整体偏积极。
怀念权证,看看我选股水平怎么样,09-01,3,评论中无明显情绪倾向，属中性表达
猎庄擒龙777,天风证券一姐孙潇雅坚决看好机器人机会...,08-29,4,分析师看好机器人领域，属于积极信号
白酒有毒,房地产融资贷款彻底转移到汽车上面来了,08-29,2,房地产融资转向汽车可能反映行业困境，但评论未明确褒贬，需结合上下文判断。
祝你好运啦,新能源看中国，中国看江淮,08-29,4,评论表达对中国的信心，暗示新能源领域前景良好
瓦蓝的蒋亚4,倒数几家都是盈利的这句话没通过？我说错了什么？,08-28,2,评论中存在逻辑矛盾，用户质疑陈述是否正确，可能带有轻微负面情绪
娴雅文静的石港,整车今年算是废了,08-28,5,评论使用'废了'表达极度负面情绪
陆肘Z,垃圾众泰涨了9个点，直接把整车带起来了，其实其他的都没涨,08-28,3,评论中带有负面词汇但提及积极效果，整体情绪偏悲观
欢快的魏夏圆,$汽车整车(BK1029)$,08-27,3,评论内容缺失，无法判断情感倾向
江湖股者,汽车板块没涨不说今天流出43亿，排名前列！,08-27,2,评论指出汽车板块未涨且流出资金，反映市场悲观情绪
股友16F511L985,查的,08-27,3,评论缺少明确情感词汇，无法判断情绪倾向
股林林萌主,汽车板块错过牛市,08-25,1,评论指出汽车板块错过牛市，表达负面情绪
兴奋地楚留香,汽车行业带动上下游产业对国家的贡献是显而易见的，结果涨得费劲,08-25,3,评论肯定行业贡献但强调上涨困难，整体偏悲观
江湖股者,全市场唯一被抛弃的板块，实在无语,08-25,5,评论明确表达对被抛弃板块的失望，属于极度悲观
陆肘Z,什么时候可以多加几只股票进来啊，少的可怜。,08-22,3,评论中表达对当前持仓数量的不满，但未明确绝望，属于中性偏悲观
股友uPjpiz,指数涨这么多，到底是哪支汽车股在涨呀？,08-22,3,评论质疑市场表现但未明确负面情绪
股友8e5785U368,你看看江淮，你到底跟谁,08-22,3,评论中带有质疑和否定语气，但未明确表达强烈负面情绪
坐稳扶好把牛骑,002454,08-21,3,评论内容缺失，无法判断情感
江湖股者,汽车板块就是仅次于房地产一样垃圾，没有一只拿得出手,08-21,1,强烈贬低汽车板块，表达极度悲观
创越的力量,这个指数根本不准。指数新高了，却没有一只个股是新高的，怎么解释？,08-21,1,评论批评市场数据不准确，表达负面情绪
常睿懂事涨,千里科技，动力新科，都涨停了，福田3年多，1089个交易日没涨停过，,08-20,3,对比近期涨停与长期不涨停，暗示福田业绩不佳，情绪偏悲观
开朗之圣手书生,$汽车整车(BK1029)$$长安汽车(SZ000625)$,08-20,3,评论中未提供具体评价内容
chengjie7288,000887龙头品种值得重点关注！！,08-19,5,评论使用积极词汇强调龙头地位，无负面信息
大青山王老师,继续涨,08-19,4,评论表达股价继续上涨的积极预期
梦境的游人,整车股创新高了，我的还没回本儿,08-18,3,用户对整车股上涨表示高兴，但强调个人投资未回本，情绪中性但带负面因素
林703,沉默中爆发，犹豫中上涨，疯狂中崩塌,08-18,4,评论包含负面情绪关键词，但存在中性转折，整体倾向悲观
目标BMW,低位股等待爆发,08-18,3,评论中包含'等待爆发'，暗示对未来的期待但未明确表达乐观或悲观
游资坨,我买了个板块第一，优秀,08-15,5,用户明确表达对板块的高评价，用'优秀'强化积极情绪
股友K29603e185,整车板块就是边角料,08-14,1,评论用'边角料'比喻整车板块，明显负面情绪
股友P5cxVf,谁能想到这个板块的龙头会是长安B,08-14,3,评论中带有意外和惊讶，但无明显情绪倾向
股友09888X19p7,捷佳伟创2025年一季度业绩表现强劲，营业总收入同比增长58.95%，净利润增长,08-14,5,评论中明确提到业绩强劲、同比增长，属于积极信号
聪明的想爱泉7,这还是人干的事情吗？你看看指数都涨到什么程度了。。。,08-13,1,评论质疑市场行为并指出指数高，可能反映对市场过度乐观的不满
江湖股者,整个市场似乎把汽车整车板块遗忘，长城那个魏孙子是罪魁祸首,08-13,1,评论强烈批评汽车整车板块被市场忽视，暗示具体公司（长城汽车）是罪魁祸首，情绪极度负面。
股友8e5785U368,又是倒数,08-12,2,评论中'又是倒数'暗示持续负面排名，可能带有悲观情绪
韭菜墩子,整个版块没有一个涨停啊,08-12,2,评论指出板块无涨停，反映市场情绪低迷
华尔街捡瓶子,正裕工业底部可以进？,08-11,4,评论暗示正裕工业底部可买入，体现乐观预期
陆肘Z,汽车零部件从最初的800涨到了4万多，汽车整车这个玩意儿怎么还在1000多，谁能,08-11,3,对比涨幅差异暗示对整车行业不满，但情绪未明确极端
股友P5cxVf,啥时候新高？？？明天吗？,08-11,4,用户询问未来股价是否会上涨，语气中性但带有期待
江湖股者,这垃圾板块，实数严重失真，板块里面除了江淮，躲过牛市,08-08,1,评论强烈批评板块表现差，情绪极度悲观
股友P5cxVf,板块不突破，任何个股的拉升都等于圈圈,08-08,1,评论指出市场整体无上涨潜力，个股无有效拉升可能，属于极度悲观
猎庄擒龙777,调整到5日线？10日线？还是20日线呢,08-08,3,询问技术分析均线策略，无明显情绪倾向
股友Po9NZD,$汽车整车(BK1029)$,08-07,3,评论中无情感词汇，仅含股票代码，无法判断情感倾向
monterhunter,这个汽车零部件板块都要上天了！！这板块走出了90度直角！！泡沫上天了,08-06,4,评论使用强烈词汇表达对板块的乐观，但最后提到泡沫，可能暗示风险，整体情绪偏积极但存在警告。
身在罗刹囯,很多次全国哪里下了大暴雨，股市就反映在汽车和汽车零部件，因为泡水车太多了,08-06,1,评论指出自然灾害导致股市下跌，表达强烈负面情绪
股市不挨刀,板块3天涨了6个点，我tm一个涨停板没吃到。,08-06,3,板块上涨但个人未获利，表达不满
享界s9厂长,倒数第一,08-05,1,评论中包含'倒数第一'，暗示负面排名，可能属于极度悲观
静安新金路,okok准备起飞吧,08-05,4,评论中包含积极词汇'起飞'，但'okok'可能为用户名，整体情绪偏乐观
玻璃吃人cap,大家快去看看金钟股份吧双W底箱体横盘两年了恶庄跟你干到底,08-05,3,评论中包含负面情绪，但整体偏中性
正义象征,烂股，连板块都涨不过，业绩再好求不顶,08-04,1,评论明确批评股票表现差，情绪极度悲观
被按着摩擦的韭菜,大资金什么时候轮动到整车？全仓在整车。,08-04,3,评论询问资金轮动时间，隐含对整车板块的关注，但未明确表达积极或消极情绪。
sucksid,小纳都跳了那么多香港也如此,08-03,3,评论描述市场波动但未明确情绪，属中性
才望兴隆de令狐冲,……,08-01,1,评论内容不完整，无法评分
编号391015,汽车基本上见顶了，历史新高了,08-01,3,评论包含'见顶'和'历史新高'，矛盾情感，需综合判断
山子高科集团,重复昨天的剧本，真是没意思。虽然我的股没有高开大涨，但是也被带崩了，最近一个月这,08-01,4,评论中表达对市场走势的失望，但未达到极度悲观
小偷摸金,这板块最菜的属于德赛西威,07-31,1,评论指出德赛西威是板块中最差的，负面情绪明显
大A是世界第一,飞流直下三千尺，空头才是王道,07-31,3,诗句比喻市场空头占优，但整体情绪中性
蕙质兰心的鲁菡荧,你这个板块涨的很多吗，跌那么狠,07-31,3,评论中包含对板块下跌的负面情绪，但未明确表达强烈悲观，可能为中性或轻微悲观。
短线实盘侠,海马股中有退市风险的ST价格都比你高许多，海南唯一有新能源资质的整车车企，自贸区,07-30,1,评论提及退市风险和高价，但未见积极因素，偏向悲观
才望兴隆de令狐冲,金龙最拉基,07-30,5,评论使用'最拉基'形容金龙，明显褒义，属于极度乐观
股友7G92x26182,新能源汽车板块近期新增投入聚焦于技术迭代与产能扩张，头部企业加速布局固态电池和8,07-30,5,评论提及技术迭代和产能扩张，暗示积极布局，整体乐观
才望兴隆de令狐冲,你这个拉基倒数第一,07-28,1,评论中明确指出'倒数第一'，带有明显贬义，属于极度悲观
葛大壮,卧龙电驱，资金疯狂抢筹，冲鸭弟兄,07-28,4,资金抢筹表明积极信号，但后半句情绪化表述
有教养的夏聪3,下周炒新能源汽车和配套产业链，中国长安集团起飞,07-26,5,评论强调新能源汽车和配套产业链的强势崛起，表达积极预期
江湖股者,这垃圾板块怎么都轮不到了呢，几个月没有一只涨幅单天上5个点的,07-23,1,评论中表达了对板块表现的极度不满
被按着摩擦的韭菜,大盘都3600了，这个拉几整车板块，一点动静都没有，拉几魏还有影响吗？？？？,07-23,2,评论指出某板块表现低迷，暗示负面情绪
被按着摩擦的韭菜,整车板块，狗都不买，很长时间没轮动到了。,07-22,1,评论指出整车板块长期无轮动，市场冷淡，属于极度悲观
股友X79k156287,新王再现！持有无虞……,07-22,5,评论使用积极词汇表达对股票的乐观预期
股友eFCgsX,买二手车,07-21,3,评论缺乏明确情绪，但涉及二手车购买可能隐含风险，倾向中性
基民l316920C10,没钱买,07-21,2,评论中明确提到'没钱买'，表明经济限制，属于负面情绪
焦急的张丹5,赛力斯最拉鸡的之一,07-21,1,评论中使用'拉鸡'表达极度负面情绪
棒棒2024,还是贵,07-18,3,评论中'贵'表达价格过高，属于负面情绪，但未达极端悲观程度
股友ij5A2F,〒_〒_^,07-18,2,符号可能表示愤怒或惊讶，属于负面情绪
股友P5cxVf,汽车板块看起来是突破下降压制线了，但是我的个股还是垃垃圾圾，加油啊,07-17,3,评论中既有积极和消极元素，整体情绪偏中性但带负面
一手搞跌停,那个是龙头,07-17,3,评论缺乏具体信息，无法明确判断情感倾向
你的天空8,汽车炒反内卷炒不起来,07-17,3,评论指出汽车行业炒作难以成功，但未明确否定行业本身，属于中性悲观
袅上青云,高位横盘整固，伺机变盘突破。,07-16,3,高位横盘暗示市场观望，变盘机会存在但不确定
坐稳扶好把牛骑,002454国产替代强势突破BBA实际供货,07-16,5,评论强调国产替代突破，暗示积极前景
n140987888001799,$汽车零部件(BK0481)$,07-16,3,评论中无明显情绪词汇，无法判断情感倾向
江湖股者,汽车整车每次就是3秒钟,07-15,3,评论未明确表达情感，但'3秒钟'可能暗示效率或技术细节，难以判断情绪。
热情的剑山蝶0,汽车股都没人接盘，只能继续维持，或继续涨了，,07-15,3,评论指出汽车股无人接盘，暗示市场悲观，但未完全否定上涨可能。
坐稳扶好把牛骑,松芝股份002454国产替代强势进入BBA供应链实际供货,07-15,5,国产替代强势进入BBA供应链，体现市场认可，属于极度乐观
被按着摩擦的韭菜,大盘都拉冒烟了，什么时候轮动到汽车板块？？？,07-14,2,评论中提及市场波动，但未明确预测未来走势，情绪偏向中性但带焦虑
万豪4375,002019亿帆医药抗癌药下午可能涨停,07-14,4,评论提到'可能涨停'，暗示市场预期积极，但表述含'可能'，属于中性乐观
股友a5699860y5,买赛力斯,07-14,5,评论直接表达买入意愿，属于积极信号
静听东来,反内卷整起来！,07-13,3,评论包含'反内卷'和'整起来'，前者反映对内卷的反对，后者暗示积极调整，整体情感中性但带积极预期。
乐彬呵呵9048,渣渣,07-12,1,贬义词表示极度悲观
基民55Pw899793,看看大盘也不至于这种样子？,07-11,3,评论中带有轻微否定语气，但未明确表达强烈负面情绪
布兰妮,汽车行业不是反内卷吗？,07-11,3,评论质疑汽车行业是否反内卷，隐含对行业竞争现状的不满，属于中性偏悲观情绪。
江湖股者,整车废了，最好的才1个点,07-11,1,评论中使用了强烈负面词汇，表达极度悲观情绪
梦境的游人,汽车股到头儿，开始回调了这，完了,07-10,1,评论中使用了'到头儿'和'完了'等强烈负面词汇，表达极度悲观情绪。
股友c18380k373,我觉得汽车股真的比那外买平台股有价值,07-10,5,评论明确肯定汽车股价值，属于积极评价
n6053132388761540059,今天一个退市的竟然是当天的龙头票真的笑死我了,07-10,4,评论中带有调侃语气，但未体现明显负面情绪
江湖股者,反内卷的都在涨，累计涨幅好多10多个点了，就整车不涨反跌,07-09,4,评论中既有积极信息，但存在矛盾点，整体偏乐观
股友c18380k373,汽车股成股市弃儿,07-09,1,评论使用'弃儿'负面词汇，表明对汽车股的强烈悲观情绪
财神到到财神,$汽车零部件(BK0481)$,07-09,3,评论中无明显情绪词汇，无法判断情感倾向
被按着摩擦的韭菜,自从魏以后，汽车板块就没异动过，涨过，资金都不来汽车板块。问候它一下。,07-08,2,评论指出汽车板块长期缺乏资金流入，反映市场悲观情绪
上海夜叔富邦科技,$盛弘股份(SZ300693)$ 充电一分钟，续航百公里。 2024年8月，盛弘,07-06,4,技术参数积极，但无明确负面信息，倾向乐观
大A是世界第一,黑五，完蛋了,07-04,1,黑五，完蛋了（强烈负面情绪）
被按着摩擦的韭菜,汽车板块太烂了，八成以上都是织布机。毫无成长，还喜欢相互揭短。,07-03,1,评论强烈批评汽车板块，表现出极度悲观情绪
追涨的小牛,此板块有一大半的票都是缝纫机,07-01,3,评论提及板块中一半股票为缝纫机，可能暗示该板块整体表现不佳，但未明确负面情绪。
经纶大展de张良,二三流的板块就是垃圾,07-01,1,直接否定板块质量，表达强烈负面情绪
飞黄发财得江别鹤,最和实体经济挂钩的板块却天天跌，悲哀,07-01,4,评论表达对实体经济相关板块持续下跌的失望，情绪为中性到悲观
墨芯微,真可怜，打价格战你跌！不打价格战了，你还是跌！,06-30,4,评论中包含对股价下跌的无奈和批评，但整体情绪偏向负面，可能属于中性或轻微悲观。
穿行月3556,汽车股为什么这么拉胯？,06-30,3,问题询问原因，隐含对汽车股表现的不满，但未直接表达情绪，属中性
凤颂路,整天在补缺口的路上,06-30,2,评论描述市场持续补缺口，暗示情绪不稳，可能带有悲观倾向
股友I58a526876,今天黑五耶，搞什么鬼，竟然调涨,06-27,1,评论表达对价格上调的强烈不满
飞黄发财得江别鹤,本版块第一绿毛股浙江华远,06-26,3,评论中包含'绿毛股'等负面词汇，但'第一'可能增强正面情绪，整体情感中性
飞黄发财得江别鹤,这个板块全靠北方长龙一个股在涨，奇怪,06-26,3,评论指出板块依赖单一股票上涨，暗示整体表现不佳，但未明确表达强烈情绪。
残酷战场,行情走完了，迎来月线级别调整，家人们注意啦,06-26,3,评论提及行情结束和调整，但未明确情绪，偏向中性
老壁凳,该调整了吧,06-25,3,评论缺乏具体信息，无法确定情感倾向
飞黄发财得江别鹤,这个板块的浙江华远天天绿？是怎么回事？,06-25,2,评论中使用'天天绿'形容股价下跌，带有明显负面情绪，但疑问句可能削弱情绪强度。
炒股冠军军哥,军哥，买进汽车首板，半仓浙江世宝。,06-24,5,评论提到首板和半仓买入，表明积极预期
葛大壮,300450资金加速流入，冲鸭弟兄们,06-24,5,积极情绪，鼓励跟风买入
鑫河鑫,我就不信今天版块把江淮拉不红！,06-24,4,用户表达对版块上涨的强烈信心，属于积极情绪
基民55751v7M90,你在$汽车整车(BI1029)$ $中概股(USBLOCK|US36966)$,06-23,3,评论中未明确表达情感，但提及股票可能暗示市场波动
有耐心的耿榕1,广汽这种垃圾怎么不退市,06-23,1,评论中明确批评广汽公司，表达强烈不满，属于极度悲观情绪。
尧老板66走,还是向下,06-22,1,评论明确表达市场向下趋势，属于强烈负面情绪
阳光开朗的盛小白,汽车零部件板块，会因为回款问题，个股业绩估计今年都会上来,06-20,4,评论提及回款问题但指出业绩会上来，可能包含矛盾表述，需判断整体倾向。
林703,果然是横久必跌，破位了,06-20,2,评论包含负面情绪，预测股市下跌，属于悲观情绪
森林木北,汽车股,06-20,3,评论缺乏具体信息，汽车股情感分析需结合市场预期判断
追涨的小牛,汽车已死，被绞死，卷死,06-19,1,评论使用强烈负面词汇表达极度悲观
青云子子,整个汽车股.谁有广汽狠.来一个套一个,06-18,2,评论中带有贬义，暗示汽车股表现不佳
飞黄发财得江别鹤,这个板块怎么天天跌？,06-18,2,评论表达对板块持续下跌的不满，情绪较强烈但未达极端悲观
喜悦的严亦寒5,垃圾垃圾,06-18,1,重复使用'垃圾'强化负面情绪，属于极度悲观
盘后拍断大腿,中国汽车应该走出海外,06-17,3,评论未提供具体数据或负面信息，但包含积极动作描述，可能属于中性或乐观
夜村长,全场消费，由长安汽车朱华荣买单。,06-17,4,评论包含积极因素（全场消费）和可能的高管买单信号，整体偏乐观。
夜村长,别的股票涨多了跌，你是今天跌，明天跌，天天喋喋不休,06-17,3,评论描述市场波动，但未明确表达负面情绪，可能中性。
接受平凡之路,价格战没子弹了，会怎么样呢，汽车大涨价？,06-16,4,评论暗示价格上涨，但未提及负面因素，倾向乐观
博士后论股,公告：关于自行申请注销生产资质的通告,06-14,2,公告注销生产资质可能引发业务风险，反映公司战略调整，但未明确后果，情绪偏向悲观。
坐稳扶好把牛骑,松芝股份,06-13,3,评论内容缺失，无法判断情感倾向
lo200910,不听劝的现在怎么样了,06-13,2,评论中带有责备和无奈，暗示当前状况不佳，但未明确具体负面因素
大A是世界第一,看谁跑得快,06-13,3,评论缺乏明确情绪指向，可能中性或隐含竞争意味
上海夜叔富邦科技,$盛弘股份(SZ300693)$ 相当于和比亚迪合作$比亚迪(SZ002594),06-12,3,评论未明确说明合作的影响，缺乏具体信息
分享企业发展红利,全在A的唯一希望,06-12,1,评论暗示A是唯一希望，隐含悲观情绪
分享企业发展红利,木有量,06-12,2,评论中'木有量'暗示成交量不足，可能反映市场低迷，但需结合上下文判断情感强度。
我有很多太阳,$汽车零部件(BK0481)$,06-11,3,评论中无明显情绪词汇，无法判断情感倾向
大局观市,一图了解汽车零部件企业应收账款周转天,06-11,3,评论内容中性，无明显情绪倾向
防火线,泡沫满天飞,06-11,1,评论使用'泡沫'等负面词汇，表达极度悲观情绪
新老小韭菜,成长龙头!自己感觉配拥有吗？服了啊,06-10,2,评论中包含成长龙头的积极词汇，但结尾的'服了啊'表达强烈负面情绪
蕙质兰心的吕三仟,汽车零部件马上反弹新高了，大盘马上新高了，特斯拉马上收复失地，国内外整车的股价也,06-10,4,评论整体积极，但特斯拉下跌可能削弱乐观程度
空仓等待低点加仓,相互踩踏，一起玩完,06-09,3,评论中包含负面词汇'踩踏'，但'一起玩完'可能暗示结局，整体情绪中性但带有悲观色彩。
严格执行88888,明天可以升,06-09,4,评论表达对明天股价上涨的积极预期，属于乐观情绪
股友81x8x95516,再涨啊,06-09,5,表达对股价继续上涨的期待，情绪积极
军用智能,作为科技工业制高点的人形机器人、工业机器人，接下来必将接替新能源汽车扛起出海大旗,06-08,4,评论暗示科技领域将主导出海市场，语气积极
飘逸的夏徐佳蕾,汽车不能玩了，零部件也要凉凉，，,06-08,1,评论中明确表达了对汽车行业的悲观预期
追涨的小牛,绿一周,06-06,2,评论中的'绿'表示下跌，属于悲观情绪
东翰股道,周末有利好,06-06,4,评论中提到'有利好'，暗示积极信号，属于乐观情绪
股海里的小石头,明天整车发力，大红！比亚迪做领头羊！,06-05,5,评论中使用'大红'和'领头羊'等积极词汇，表达对比亚迪未来的乐观预期。
花开积玉地陆小凤,板块。,06-05,3,评论缺少具体信息，无法判断情感倾向
巨眼文明,三根均线粘连，要变盘了,06-05,4,均线粘连预示趋势可能转变，结合'要变盘'暗示市场可能转向，属于中性偏乐观信号。
四川大哥,汽车板块今天的走势说明了一切，，摆烂了这个汽车板块,06-04,1,评论中使用'摆烂'表达极度负面情绪
三思而后不行,说的下乡呢,06-04,3,评论中'下乡'可能指政策或农村发展，但无明确上下文，难以判断情感倾向
股海里的小石头,明天大红,06-04,4,评论中的'大红'可能指股价上涨，属于积极信号
有教养兔子1,整车股的春天来了。明天估计进不去啊。,06-03,2,积极信号但伴随负面情绪
股友JCzlMH,涨没见几个次，跌动不动第一。汽车废了,06-03,2,评论表达对股价波动的不满，但未明确具体原因，情绪偏向悲观。
四川大哥,汽车已经不会涨了，清仓吧各位,06-03,1,评论明确表达对汽车板块的悲观预期，建议清仓，属于极度悲观情绪。
股友05u86d0516,0公里二手车,06-02,4,0公里二手车通常被视为高质量，但需结合具体情境判断
龙桂资本,国外战火纷飞，我们的制造业是不是应该提高估值了,06-02,3,评论提及战争负面因素，但建议提高估值，整体情绪偏悲观
掐指算涨停,继续涨机会很确定,05-31,5,评论表达对股价继续上涨的积极预期，情感倾向为极度乐观
股友t2693325i7,看似抗跌就是不涨，卫星上天股价下跌，垃圾，鸡肋一支。,05-30,2,评论使用负面词汇描述股票表现，暗示市场不佳
小曼鱼123,整车板块成份股市值前十的才一家涨了3.1，整个板块就涨了3.1%，板块涨幅是怎么,05-30,2,整车板块多数公司涨幅微弱，整体表现低迷，体现悲观情绪。
大青山王老师,破位下跌,05-30,1,评论描述股价跌破关键水平，表明市场悲观
常言道8,倒数第三，真是好样的上汽集团。,05-29,4,评论中使用了褒义词'好样的'，整体语气积极
股友8F0AM5,马上会崩,05-29,1,评论使用'马上会崩'表达强烈负面情绪，符合极度悲观的特征
鲁地金犁头,汽车整车，产能过剩严重还在炒作，跟当年没落前房地产一摸一样套路不变。,05-29,2,评论指出产能过剩问题仍在炒作，类似房地产行业套路，暗示市场悲观
andrew007212,防止内卷，主要针对的是汽车，算是小利好吧。,05-28,4,评论提到小利好，整体语气积极
应该快了吧,你们这些公司能收到笛子得钱吗,05-28,3,评论中存在明显错误或比喻，可能带有讽刺或不实期待，但无明确积极/消极情绪
股友c18380k373,汽车板块已经成为垃圾板块，没资金进去，真悲哀,05-27,1,评论使用负面词汇并强调市场冷淡，体现极度悲观
股友5D8076h615,连续15个交易日内，只红了3个，千里科技怎么了？,05-27,2,评论指出股价涨幅极小，暗示公司可能存在问题，属于悲观情绪。
股友81x8x95516,魏公公一句话把汽车板块利好全整没了,05-26,1,评论中使用'整没了'表达强烈负面情绪，暗示汽车板块利好被彻底否定，符合极度悲观的特征。
股友7595h8751K,真的是悲哀，一句话可以影响整个板块。,05-26,1,评论使用强烈负面词汇表达极度悲观
后惫马甲,老魏还是老了，以前老说什么电动混动，一副看不起，现在还不是屁颠屁颠跟着BYD做混,05-26,1,评论中明显表达对老魏行为变化的不满，情绪偏向负面
气宇轩昂的夏浩源,还是民企汽车强就剩下这些国企央企的汽车厂起不来，国企还是国企管理就是不一样,05-25,3,评论对比民企与国企，指出国企问题，隐含负面情绪但未极端
涅槃88888,长安汽车主力经过一年多的建仓吸筹，即将走主升浪行情了，华为公主加入是点火,05-25,5,预期股价上涨，积极情绪明显
博士后论股,警钟长鸣——一已申请注销生产资质。江南商标已驳回没有效了,05-24,1,评论提及公司资质注销和商标驳回，暗示业务风险，属于极度悲观
博士后论股,警钟长鸣——一退市前多次提醒警告了！到时候不要哭爹喊娘。已申请注销生产资质。江南,05-24,1,评论中包含强烈负面情绪和预警信号
杭州小汪,关于北汽，还有一个要明确的是北汽蓝谷是30-50万的华为汽车的唯一合作伙伴，中国,05-23,4,评论提及华为合作及价格区间，未明显表达情绪
一颗菜1,很神奇，大盘板块涨了一个月，它一动不动，这稍微回调一点。烂股就首当其冲,05-23,3,评论指出大盘表现平淡，烂股受冲击，整体情绪偏负面
股友710l1a6673,真墨迹,05-23,1,评论用'真墨迹'比喻股票走势，暗示极度悲观
股友8U981d0932,汽车板块给大家竖中指吗,05-22,2,评论中使用'竖中指'隐含负面情绪，可能表达对汽车板块的批评
股民湘,没买江淮的都买北汽。北汽蓝谷销量前三名，实质性利好啊！第二个江淮也！,05-22,5,评论强调北汽销量领先并给予利好，情绪积极
从零起步1,两江赛比,05-21,3,评论信息不完整，无法判断情感
韭菜给别人养爸妈,明天到整车了吧,05-21,3,评论缺乏明确情感信息，无法确定是积极或消极
真假股市,今天板块盘面不好看！,05-21,3,评论使用'不好看'表达负面情绪，但未达到极度悲观程度
鸿运随,英利汽车(601279）年市盈率-700多，查看中国整个股市倒数第一，自从202,05-20,5,评论明确指出市盈率低且股市排名倒数第一，明显表达极度悲观情绪
Wall_of_Wealth,【复盘】德赛西威与华阳集团的“相同经历不同命运”,05-20,4,对比两家公司相似经历但不同命运，可能隐含对德赛西威的肯定
伸腿瞪眼丸,A股最牛板块，天天红,05-20,4,评论使用'最牛'和'天天红'等积极词汇，但可能带有夸张，整体倾向乐观。
掐指算涨停,板块之间先先涨啥后涨啥是不是有迹可循呢,05-19,3,评论询问市场规律是否存在，未表达明显情绪
强度决定难度,还是变成了一日游,05-19,3,评论中使用'一日游'比喻当前状态，暗示短暂性，但未明确表达强烈情绪
股友Y773198l27,$汽车零部件(BK0481)$,05-18,3,评论仅包含股票代码，无情绪词汇或行业趋势信息
炒股赚包烟钱,曙光汽车才摘帽，拥有26个全车牌资质，有丹东国资和吉利收购预期，今年车桥增速20,05-16,2,评论提及摘帽和收购预期，但核心负面因素为主
财之海洋,前几年的军工都翻几倍了，汽车怎么回事还不来几倍,05-16,2,评论指出军工股表现好而汽车股未跟上，暗示对汽车股失望
一颗绿油的韭菜,这个一直涨的理由是什么,05-16,3,询问股价上涨原因，无明显情绪倾向
十一是小哥哥,实在没想到你能绿的,05-13,3,评论者表达意外下跌，但未明确情绪，可能中性
五六793,出货了,05-13,2,出货通常指卖出股票，可能暗示负面信号
坐稳扶好把牛骑,上海加冷松芝汽车空调股份有限公司关于拟对外投资设立新加坡、墨西哥和美国全资子公司,05-13,3,评论提及公司拟投资设立子公司，未提及负面信息，属中性表述。
坐稳扶好把牛骑,松芝股份002454墨西哥蒙特雷建厂全面进入特斯拉全球供应链,05-12,4,建厂进入特斯拉供应链，暗示业务扩展，属积极信号
坐稳扶好把牛骑,松芝股份002454墨西哥蒙特雷建厂全面进入特斯拉全球供应链，零跑汽车热管理,05-12,5,建厂进入供应链提升公司地位，积极信号
海棠大鱼TT,智元机器人,05-09,3,评论仅包含公司名称，无具体评价内容
坐稳扶好把牛骑,小鹏汇天热管理002454,05-09,3,评论包含股票代码和关键词'热管理'，但缺乏具体评价内容，无法确定情感倾向
股友X9227521k3,冲上去吧,05-09,4,评论中'冲上去'带有积极情绪，但需结合上下文判断
坐稳扶好把牛骑,松芝股份002454墨西哥蒙特雷建厂全面进入特斯拉全球供应链,05-08,4,建厂进入特斯拉供应链，暗示业务扩展，积极信号
葛大壮,159770最后的高低切好去处，加油冲鸭,05-08,4,鼓励性语言，暗示乐观预期
mymu,感觉要有涨停参考,05-08,4,评论提及涨停，属于积极信号，但需结合上下文判断
坐稳扶好把牛骑,松芝股份002454墨西哥蒙特雷建厂全面进入特斯拉全球供应链,05-07,4,建厂进入特斯拉供应链，暗示业务扩展，积极信号
财之海洋,大众交通它们都又回来了，汽车整车给力点呀,05-07,4,评论中提到'又回来了'和'给力'，表达积极情绪
独立的爱飘心111,有考虑把长安汽车移除板块吗？不想带它玩可以直说,05-06,3,评论中带有否定和排斥语气，但未完全否定板块，可能属于中性或乐观
坐稳扶好把牛骑,松芝股份002454墨西哥蒙特雷建厂全面进入特斯拉全球供应链,05-06,4,建厂进入供应链暗示业务扩展，无负面信息，属积极信号
每天涨一点888666,这个板块梯队很完美啊，1，2，3全部齐了,05-06,4,评论中提到板块梯队完美，1、2、3全部齐，表达积极认可
坐稳扶好把牛骑,002454松芝股份墨西哥蒙特雷建厂全面进入特斯拉全球供应链,05-05,5,评论提及建厂进入特斯拉供应链，无负面信息，属积极信号
坐稳扶好把牛骑,002454松芝股份墨西哥蒙特雷建厂全面进入北美特斯拉全球供应链,05-03,4,评论提及建厂和供应链进入，暗示积极发展，但未提及风险，倾向乐观。
于大帅团队,中创智领属于新能源汽车零部件板块！己有庄家看好！,05-02,4,庄家看好表明积极预期
股友yNQr60,美国证实！加墨汽车零部件获得关税豁免_——下周汽车零件板块的龙头股准备好了吗？,05-02,4,关税豁免属于积极新闻，但市场反应不确定，整体偏乐观。
Wjq_722,北京需要资金周转可以私我，不用上门，没有套路，利息低,05-01,4,评论中提到积极条件，但未明确负面信息，倾向乐观
